subject	sample	replicate	adriftRead.linker.seq	adriftRead.linkerBarcode.start	adriftRead.linkerBarcode.end	index1.seq	anchorRead.identification	anchorRead.seqFilter.file	refGenome.id	anchorRead.overRead.seq	adriftRead.linkerRandomID.start	adriftRead.linkerRandomID.end
TBG-LC	GTSP4175	1	ACTCGGTAACTCACCGGATGNNNNNNNNNNNNCTCCGCTTAAGGGACT	1	20	GATGACCCAAAT	p5:CATGCTCTAGGAAGATCCAGGTTAATTTTTAAAAAGCAGTCAAAAGTCCAAGTGGCCCTTGGCAGCATTTACTCTCTCTGTTTGCTCTGGTTAATAATCTCAGGAGCACAAACATTCCAGATCCAGGTTAATTTTTAAAAAGCAGTCAAAAGTCCAAGTGGCCCTTGGCAGCATTTACTCTCTCTGTTTGCTCTGGTTAATAATCTCAGGAGCACAAACATTCCAGATCCGGCGCGCCAGGGCTGGAAGC,p3:CATGCTCTAGGAAGATCCTTATCGATTTTACCACATTTGTAGAGGTTTTACTTGCTTTAAAAAACCTCCCACATCTCCCCCTGAACCTGAAACATAAAATGAATGCAATTGTTGTTGTTAACTTGTTTATTGCAGCTTATAATGGTTACAAATAAAGCAATAGCATCACAAATTTCACAAATAAAGCATTTTTTTCACTGCATTCTAGTTGTGGTTTGTCCAAACTCATCAATGTATCTTATCATGTCTGCTCGAAGCGGCCGCTC	/home/everett/AAV/sequences/pAAVcF8_LC_HC.ff	canFam3	AGTCCCTTAAGCGGAG	21	32
TBG-LC	GTSP4175	2	ACTCGGTAACTCACCGGATGNNNNNNNNNNNNCTCCGCTTAAGGGACT	1	20	ACCGGAGTAGGA	p5:CATGCTCTAGGAAGATCCAGGTTAATTTTTAAAAAGCAGTCAAAAGTCCAAGTGGCCCTTGGCAGCATTTACTCTCTCTGTTTGCTCTGGTTAATAATCTCAGGAGCACAAACATTCCAGATCCAGGTTAATTTTTAAAAAGCAGTCAAAAGTCCAAGTGGCCCTTGGCAGCATTTACTCTCTCTGTTTGCTCTGGTTAATAATCTCAGGAGCACAAACATTCCAGATCCGGCGCGCCAGGGCTGGAAGC,p3:CATGCTCTAGGAAGATCCTTATCGATTTTACCACATTTGTAGAGGTTTTACTTGCTTTAAAAAACCTCCCACATCTCCCCCTGAACCTGAAACATAAAATGAATGCAATTGTTGTTGTTAACTTGTTTATTGCAGCTTATAATGGTTACAAATAAAGCAATAGCATCACAAATTTCACAAATAAAGCATTTTTTTCACTGCATTCTAGTTGTGGTTTGTCCAAACTCATCAATGTATCTTATCATGTCTGCTCGAAGCGGCCGCTC	/home/everett/AAV/sequences/pAAVcF8_LC_HC.ff	canFam3	AGTCCCTTAAGCGGAG	21	32
TBG-LC	GTSP4175	3	ACTCGGTAACTCACCGGATGNNNNNNNNNNNNCTCCGCTTAAGGGACT	1	20	TGAGGACTACCT	p5:CATGCTCTAGGAAGATCCAGGTTAATTTTTAAAAAGCAGTCAAAAGTCCAAGTGGCCCTTGGCAGCATTTACTCTCTCTGTTTGCTCTGGTTAATAATCTCAGGAGCACAAACATTCCAGATCCAGGTTAATTTTTAAAAAGCAGTCAAAAGTCCAAGTGGCCCTTGGCAGCATTTACTCTCTCTGTTTGCTCTGGTTAATAATCTCAGGAGCACAAACATTCCAGATCCGGCGCGCCAGGGCTGGAAGC,p3:CATGCTCTAGGAAGATCCTTATCGATTTTACCACATTTGTAGAGGTTTTACTTGCTTTAAAAAACCTCCCACATCTCCCCCTGAACCTGAAACATAAAATGAATGCAATTGTTGTTGTTAACTTGTTTATTGCAGCTTATAATGGTTACAAATAAAGCAATAGCATCACAAATTTCACAAATAAAGCATTTTTTTCACTGCATTCTAGTTGTGGTTTGTCCAAACTCATCAATGTATCTTATCATGTCTGCTCGAAGCGGCCGCTC	/home/everett/AAV/sequences/pAAVcF8_LC_HC.ff	canFam3	AGTCCCTTAAGCGGAG	21	32
TBG-LC	GTSP4175	4	ACTCGGTAACTCACCGGATGNNNNNNNNNNNNCTCCGCTTAAGGGACT	1	20	CAATCGGCTTGC	p5:CATGCTCTAGGAAGATCCAGGTTAATTTTTAAAAAGCAGTCAAAAGTCCAAGTGGCCCTTGGCAGCATTTACTCTCTCTGTTTGCTCTGGTTAATAATCTCAGGAGCACAAACATTCCAGATCCAGGTTAATTTTTAAAAAGCAGTCAAAAGTCCAAGTGGCCCTTGGCAGCATTTACTCTCTCTGTTTGCTCTGGTTAATAATCTCAGGAGCACAAACATTCCAGATCCGGCGCGCCAGGGCTGGAAGC,p3:CATGCTCTAGGAAGATCCTTATCGATTTTACCACATTTGTAGAGGTTTTACTTGCTTTAAAAAACCTCCCACATCTCCCCCTGAACCTGAAACATAAAATGAATGCAATTGTTGTTGTTAACTTGTTTATTGCAGCTTATAATGGTTACAAATAAAGCAATAGCATCACAAATTTCACAAATAAAGCATTTTTTTCACTGCATTCTAGTTGTGGTTTGTCCAAACTCATCAATGTATCTTATCATGTCTGCTCGAAGCGGCCGCTC	/home/everett/AAV/sequences/pAAVcF8_LC_HC.ff	canFam3	AGTCCCTTAAGCGGAG	21	32
TBG-HC	GTSP4176	1	TGTCGTGAATCCGTGTGTCCNNNNNNNNNNNNCTCCGCTTAAGGGACT	1	20	AACACTCGATCG	p5:CATGCTCTAGGAAGATCCAGGTTAATTTTTAAAAAGCAGTCAAAAGTCCAAGTGGCCCTTGGCAGCATTTACTCTCTCTGTTTGCTCTGGTTAATAATCTCAGGAGCACAAACATTCCAGATCCAGGTTAATTTTTAAAAAGCAGTCAAAAGTCCAAGTGGCCCTTGGCAGCATTTACTCTCTCTGTTTGCTCTGGTTAATAATCTCAGGAGCACAAACATTCCAGATCCGGCGCGCCAGGGCTGGAAGC,p3:CATGCTCTAGGAAGATCCTTATCGATTTTACCACATTTGTAGAGGTTTTACTTGCTTTAAAAAACCTCCCACATCTCCCCCTGAACCTGAAACATAAAATGAATGCAATTGTTGTTGTTAACTTGTTTATTGCAGCTTATAATGGTTACAAATAAAGCAATAGCATCACAAATTTCACAAATAAAGCATTTTTTTCACTGCATTCTAGTTGTGGTTTGTCCAAACTCATCAATGTATCTTATCATGTCTGCTCGAAGCGGCCGCTC	/home/everett/AAV/sequences/pAAVcF8_LC_HC.ff	canFam3	AGTCCCTTAAGCGGAG	21	32
TBG-HC	GTSP4176	2	TGTCGTGAATCCGTGTGTCCNNNNNNNNNNNNCTCCGCTTAAGGGACT	1	20	TGACCGGCTGTT	p5:CATGCTCTAGGAAGATCCAGGTTAATTTTTAAAAAGCAGTCAAAAGTCCAAGTGGCCCTTGGCAGCATTTACTCTCTCTGTTTGCTCTGGTTAATAATCTCAGGAGCACAAACATTCCAGATCCAGGTTAATTTTTAAAAAGCAGTCAAAAGTCCAAGTGGCCCTTGGCAGCATTTACTCTCTCTGTTTGCTCTGGTTAATAATCTCAGGAGCACAAACATTCCAGATCCGGCGCGCCAGGGCTGGAAGC,p3:CATGCTCTAGGAAGATCCTTATCGATTTTACCACATTTGTAGAGGTTTTACTTGCTTTAAAAAACCTCCCACATCTCCCCCTGAACCTGAAACATAAAATGAATGCAATTGTTGTTGTTAACTTGTTTATTGCAGCTTATAATGGTTACAAATAAAGCAATAGCATCACAAATTTCACAAATAAAGCATTTTTTTCACTGCATTCTAGTTGTGGTTTGTCCAAACTCATCAATGTATCTTATCATGTCTGCTCGAAGCGGCCGCTC	/home/everett/AAV/sequences/pAAVcF8_LC_HC.ff	canFam3	AGTCCCTTAAGCGGAG	21	32
TBG-HC	GTSP4176	3	TGTCGTGAATCCGTGTGTCCNNNNNNNNNNNNCTCCGCTTAAGGGACT	1	20	GGAGGAGCAATA	p5:CATGCTCTAGGAAGATCCAGGTTAATTTTTAAAAAGCAGTCAAAAGTCCAAGTGGCCCTTGGCAGCATTTACTCTCTCTGTTTGCTCTGGTTAATAATCTCAGGAGCACAAACATTCCAGATCCAGGTTAATTTTTAAAAAGCAGTCAAAAGTCCAAGTGGCCCTTGGCAGCATTTACTCTCTCTGTTTGCTCTGGTTAATAATCTCAGGAGCACAAACATTCCAGATCCGGCGCGCCAGGGCTGGAAGC,p3:CATGCTCTAGGAAGATCCTTATCGATTTTACCACATTTGTAGAGGTTTTACTTGCTTTAAAAAACCTCCCACATCTCCCCCTGAACCTGAAACATAAAATGAATGCAATTGTTGTTGTTAACTTGTTTATTGCAGCTTATAATGGTTACAAATAAAGCAATAGCATCACAAATTTCACAAATAAAGCATTTTTTTCACTGCATTCTAGTTGTGGTTTGTCCAAACTCATCAATGTATCTTATCATGTCTGCTCGAAGCGGCCGCTC	/home/everett/AAV/sequences/pAAVcF8_LC_HC.ff	canFam3	AGTCCCTTAAGCGGAG	21	32
TBG-HC	GTSP4176	4	TGTCGTGAATCCGTGTGTCCNNNNNNNNNNNNCTCCGCTTAAGGGACT	1	20	AGCGACGAAGAC	p5:CATGCTCTAGGAAGATCCAGGTTAATTTTTAAAAAGCAGTCAAAAGTCCAAGTGGCCCTTGGCAGCATTTACTCTCTCTGTTTGCTCTGGTTAATAATCTCAGGAGCACAAACATTCCAGATCCAGGTTAATTTTTAAAAAGCAGTCAAAAGTCCAAGTGGCCCTTGGCAGCATTTACTCTCTCTGTTTGCTCTGGTTAATAATCTCAGGAGCACAAACATTCCAGATCCGGCGCGCCAGGGCTGGAAGC,p3:CATGCTCTAGGAAGATCCTTATCGATTTTACCACATTTGTAGAGGTTTTACTTGCTTTAAAAAACCTCCCACATCTCCCCCTGAACCTGAAACATAAAATGAATGCAATTGTTGTTGTTAACTTGTTTATTGCAGCTTATAATGGTTACAAATAAAGCAATAGCATCACAAATTTCACAAATAAAGCATTTTTTTCACTGCATTCTAGTTGTGGTTTGTCCAAACTCATCAATGTATCTTATCATGTCTGCTCGAAGCGGCCGCTC	/home/everett/AAV/sequences/pAAVcF8_LC_HC.ff	canFam3	AGTCCCTTAAGCGGAG	21	32
J60	GTSP4181	1	AGTCCGCATTGAGCAATGGCNNNNNNNNNNNNCTCCGCTTAAGGGACT	1	20	CTTCCCTAACTC	p5:CATGCTCTAGGAAGATCCAGGTTAATTTTTAAAAAGCAGTCAAAAGTCCAAGTGGCCCTTGGCAGCATTTACTCTCTCTGTTTGCTCTGGTTAATAATCTCAGGAGCACAAACATTCCAGATCCAGGTTAATTTTTAAAAAGCAGTCAAAAGTCCAAGTGGCCCTTGGCAGCATTTACTCTCTCTGTTTGCTCTGGTTAATAATCTCAGGAGCACAAACATTCCAGATCCGGCGCGCCAGGGCTGGAAGC,p3:CATGCTCTAGGAAGATCCTTATCGATTTTACCACATTTGTAGAGGTTTTACTTGCTTTAAAAAACCTCCCACATCTCCCCCTGAACCTGAAACATAAAATGAATGCAATTGTTGTTGTTAACTTGTTTATTGCAGCTTATAATGGTTACAAATAAAGCAATAGCATCACAAATTTCACAAATAAAGCATTTTTTTCACTGCATTCTAGTTGTGGTTTGTCCAAACTCATCAATGTATCTTATCATGTCTGCTCGAAGCGGCCGCTC	/home/everett/AAV/sequences/pAAVcF8_LC_HC.ff	canFam3	AGTCCCTTAAGCGGAG	21	32
J60	GTSP4181	2	AGTCCGCATTGAGCAATGGCNNNNNNNNNNNNCTCCGCTTAAGGGACT	1	20	TGGAAGAACGGC	p5:CATGCTCTAGGAAGATCCAGGTTAATTTTTAAAAAGCAGTCAAAAGTCCAAGTGGCCCTTGGCAGCATTTACTCTCTCTGTTTGCTCTGGTTAATAATCTCAGGAGCACAAACATTCCAGATCCAGGTTAATTTTTAAAAAGCAGTCAAAAGTCCAAGTGGCCCTTGGCAGCATTTACTCTCTCTGTTTGCTCTGGTTAATAATCTCAGGAGCACAAACATTCCAGATCCGGCGCGCCAGGGCTGGAAGC,p3:CATGCTCTAGGAAGATCCTTATCGATTTTACCACATTTGTAGAGGTTTTACTTGCTTTAAAAAACCTCCCACATCTCCCCCTGAACCTGAAACATAAAATGAATGCAATTGTTGTTGTTAACTTGTTTATTGCAGCTTATAATGGTTACAAATAAAGCAATAGCATCACAAATTTCACAAATAAAGCATTTTTTTCACTGCATTCTAGTTGTGGTTTGTCCAAACTCATCAATGTATCTTATCATGTCTGCTCGAAGCGGCCGCTC	/home/everett/AAV/sequences/pAAVcF8_LC_HC.ff	canFam3	AGTCCCTTAAGCGGAG	21	32
J60	GTSP4181	3	AGTCCGCATTGAGCAATGGCNNNNNNNNNNNNCTCCGCTTAAGGGACT	1	20	GCTAGACACTAC	p5:CATGCTCTAGGAAGATCCAGGTTAATTTTTAAAAAGCAGTCAAAAGTCCAAGTGGCCCTTGGCAGCATTTACTCTCTCTGTTTGCTCTGGTTAATAATCTCAGGAGCACAAACATTCCAGATCCAGGTTAATTTTTAAAAAGCAGTCAAAAGTCCAAGTGGCCCTTGGCAGCATTTACTCTCTCTGTTTGCTCTGGTTAATAATCTCAGGAGCACAAACATTCCAGATCCGGCGCGCCAGGGCTGGAAGC,p3:CATGCTCTAGGAAGATCCTTATCGATTTTACCACATTTGTAGAGGTTTTACTTGCTTTAAAAAACCTCCCACATCTCCCCCTGAACCTGAAACATAAAATGAATGCAATTGTTGTTGTTAACTTGTTTATTGCAGCTTATAATGGTTACAAATAAAGCAATAGCATCACAAATTTCACAAATAAAGCATTTTTTTCACTGCATTCTAGTTGTGGTTTGTCCAAACTCATCAATGTATCTTATCATGTCTGCTCGAAGCGGCCGCTC	/home/everett/AAV/sequences/pAAVcF8_LC_HC.ff	canFam3	AGTCCCTTAAGCGGAG	21	32
J60	GTSP4181	4	AGTCCGCATTGAGCAATGGCNNNNNNNNNNNNCTCCGCTTAAGGGACT	1	20	TTGGATTGAACG	p5:CATGCTCTAGGAAGATCCAGGTTAATTTTTAAAAAGCAGTCAAAAGTCCAAGTGGCCCTTGGCAGCATTTACTCTCTCTGTTTGCTCTGGTTAATAATCTCAGGAGCACAAACATTCCAGATCCAGGTTAATTTTTAAAAAGCAGTCAAAAGTCCAAGTGGCCCTTGGCAGCATTTACTCTCTCTGTTTGCTCTGGTTAATAATCTCAGGAGCACAAACATTCCAGATCCGGCGCGCCAGGGCTGGAAGC,p3:CATGCTCTAGGAAGATCCTTATCGATTTTACCACATTTGTAGAGGTTTTACTTGCTTTAAAAAACCTCCCACATCTCCCCCTGAACCTGAAACATAAAATGAATGCAATTGTTGTTGTTAACTTGTTTATTGCAGCTTATAATGGTTACAAATAAAGCAATAGCATCACAAATTTCACAAATAAAGCATTTTTTTCACTGCATTCTAGTTGTGGTTTGTCCAAACTCATCAATGTATCTTATCATGTCTGCTCGAAGCGGCCGCTC	/home/everett/AAV/sequences/pAAVcF8_LC_HC.ff	canFam3	AGTCCCTTAAGCGGAG	21	32
WS	GTSP4182	1	GTTGCCGAACATGACGGGATNNNNNNNNNNNNCTCCGCTTAAGGGACT	1	20	GATATACCAGTG	p5:CATGCTCTAGGAAGATCCAGGTTAATTTTTAAAAAGCAGTCAAAAGTCCAAGTGGCCCTTGGCAGCATTTACTCTCTCTGTTTGCTCTGGTTAATAATCTCAGGAGCACAAACATTCCAGATCCAGGTTAATTTTTAAAAAGCAGTCAAAAGTCCAAGTGGCCCTTGGCAGCATTTACTCTCTCTGTTTGCTCTGGTTAATAATCTCAGGAGCACAAACATTCCAGATCCGGCGCGCCAGGGCTGGAAGC,p3:CATGCTCTAGGAAGATCCTTATCGATTTTACCACATTTGTAGAGGTTTTACTTGCTTTAAAAAACCTCCCACATCTCCCCCTGAACCTGAAACATAAAATGAATGCAATTGTTGTTGTTAACTTGTTTATTGCAGCTTATAATGGTTACAAATAAAGCAATAGCATCACAAATTTCACAAATAAAGCATTTTTTTCACTGCATTCTAGTTGTGGTTTGTCCAAACTCATCAATGTATCTTATCATGTCTGCTCGAAGCGGCCGCTC	/home/everett/AAV/sequences/pAAVcF8_LC_HC.ff	canFam3	AGTCCCTTAAGCGGAG	21	32
WS	GTSP4182	2	GTTGCCGAACATGACGGGATNNNNNNNNNNNNCTCCGCTTAAGGGACT	1	20	AACAAACTGCCA	p5:CATGCTCTAGGAAGATCCAGGTTAATTTTTAAAAAGCAGTCAAAAGTCCAAGTGGCCCTTGGCAGCATTTACTCTCTCTGTTTGCTCTGGTTAATAATCTCAGGAGCACAAACATTCCAGATCCAGGTTAATTTTTAAAAAGCAGTCAAAAGTCCAAGTGGCCCTTGGCAGCATTTACTCTCTCTGTTTGCTCTGGTTAATAATCTCAGGAGCACAAACATTCCAGATCCGGCGCGCCAGGGCTGGAAGC,p3:CATGCTCTAGGAAGATCCTTATCGATTTTACCACATTTGTAGAGGTTTTACTTGCTTTAAAAAACCTCCCACATCTCCCCCTGAACCTGAAACATAAAATGAATGCAATTGTTGTTGTTAACTTGTTTATTGCAGCTTATAATGGTTACAAATAAAGCAATAGCATCACAAATTTCACAAATAAAGCATTTTTTTCACTGCATTCTAGTTGTGGTTTGTCCAAACTCATCAATGTATCTTATCATGTCTGCTCGAAGCGGCCGCTC	/home/everett/AAV/sequences/pAAVcF8_LC_HC.ff	canFam3	AGTCCCTTAAGCGGAG	21	32
WS	GTSP4182	3	GTTGCCGAACATGACGGGATNNNNNNNNNNNNCTCCGCTTAAGGGACT	1	20	GTAGACATGTGT	p5:CATGCTCTAGGAAGATCCAGGTTAATTTTTAAAAAGCAGTCAAAAGTCCAAGTGGCCCTTGGCAGCATTTACTCTCTCTGTTTGCTCTGGTTAATAATCTCAGGAGCACAAACATTCCAGATCCAGGTTAATTTTTAAAAAGCAGTCAAAAGTCCAAGTGGCCCTTGGCAGCATTTACTCTCTCTGTTTGCTCTGGTTAATAATCTCAGGAGCACAAACATTCCAGATCCGGCGCGCCAGGGCTGGAAGC,p3:CATGCTCTAGGAAGATCCTTATCGATTTTACCACATTTGTAGAGGTTTTACTTGCTTTAAAAAACCTCCCACATCTCCCCCTGAACCTGAAACATAAAATGAATGCAATTGTTGTTGTTAACTTGTTTATTGCAGCTTATAATGGTTACAAATAAAGCAATAGCATCACAAATTTCACAAATAAAGCATTTTTTTCACTGCATTCTAGTTGTGGTTTGTCCAAACTCATCAATGTATCTTATCATGTCTGCTCGAAGCGGCCGCTC	/home/everett/AAV/sequences/pAAVcF8_LC_HC.ff	canFam3	AGTCCCTTAAGCGGAG	21	32
WS	GTSP4182	4	GTTGCCGAACATGACGGGATNNNNNNNNNNNNCTCCGCTTAAGGGACT	1	20	TACAGTTACGCG	p5:CATGCTCTAGGAAGATCCAGGTTAATTTTTAAAAAGCAGTCAAAAGTCCAAGTGGCCCTTGGCAGCATTTACTCTCTCTGTTTGCTCTGGTTAATAATCTCAGGAGCACAAACATTCCAGATCCAGGTTAATTTTTAAAAAGCAGTCAAAAGTCCAAGTGGCCCTTGGCAGCATTTACTCTCTCTGTTTGCTCTGGTTAATAATCTCAGGAGCACAAACATTCCAGATCCGGCGCGCCAGGGCTGGAAGC,p3:CATGCTCTAGGAAGATCCTTATCGATTTTACCACATTTGTAGAGGTTTTACTTGCTTTAAAAAACCTCCCACATCTCCCCCTGAACCTGAAACATAAAATGAATGCAATTGTTGTTGTTAACTTGTTTATTGCAGCTTATAATGGTTACAAATAAAGCAATAGCATCACAAATTTCACAAATAAAGCATTTTTTTCACTGCATTCTAGTTGTGGTTTGTCCAAACTCATCAATGTATCTTATCATGTCTGCTCGAAGCGGCCGCTC	/home/everett/AAV/sequences/pAAVcF8_LC_HC.ff	canFam3	AGTCCCTTAAGCGGAG	21	32
UFC	UninfectedControl-210422-MN	1	ACTGGCGTACGTCTAGGCAANNNNNNNNNNNNCTCCGCTTAAGGGACT	1	20	CAAGCCCTAGTA	p5:CATGCTCTAGGAAGATCCAGGTTAATTTTTAAAAAGCAGTCAAAAGTCCAAGTGGCCCTTGGCAGCATTTACTCTCTCTGTTTGCTCTGGTTAATAATCTCAGGAGCACAAACATTCCAGATCCAGGTTAATTTTTAAAAAGCAGTCAAAAGTCCAAGTGGCCCTTGGCAGCATTTACTCTCTCTGTTTGCTCTGGTTAATAATCTCAGGAGCACAAACATTCCAGATCCGGCGCGCCAGGGCTGGAAGC,p3:CATGCTCTAGGAAGATCCTTATCGATTTTACCACATTTGTAGAGGTTTTACTTGCTTTAAAAAACCTCCCACATCTCCCCCTGAACCTGAAACATAAAATGAATGCAATTGTTGTTGTTAACTTGTTTATTGCAGCTTATAATGGTTACAAATAAAGCAATAGCATCACAAATTTCACAAATAAAGCATTTTTTTCACTGCATTCTAGTTGTGGTTTGTCCAAACTCATCAATGTATCTTATCATGTCTGCTCGAAGCGGCCGCTC		canFam3	AGTCCCTTAAGCGGAG	21	32
UFC	UninfectedControl-210422-MN	2	ACTGGCGTACGTCTAGGCAANNNNNNNNNNNNCTCCGCTTAAGGGACT	1	20	TAGTGTCGGATC	p5:CATGCTCTAGGAAGATCCAGGTTAATTTTTAAAAAGCAGTCAAAAGTCCAAGTGGCCCTTGGCAGCATTTACTCTCTCTGTTTGCTCTGGTTAATAATCTCAGGAGCACAAACATTCCAGATCCAGGTTAATTTTTAAAAAGCAGTCAAAAGTCCAAGTGGCCCTTGGCAGCATTTACTCTCTCTGTTTGCTCTGGTTAATAATCTCAGGAGCACAAACATTCCAGATCCGGCGCGCCAGGGCTGGAAGC,p3:CATGCTCTAGGAAGATCCTTATCGATTTTACCACATTTGTAGAGGTTTTACTTGCTTTAAAAAACCTCCCACATCTCCCCCTGAACCTGAAACATAAAATGAATGCAATTGTTGTTGTTAACTTGTTTATTGCAGCTTATAATGGTTACAAATAAAGCAATAGCATCACAAATTTCACAAATAAAGCATTTTTTTCACTGCATTCTAGTTGTGGTTTGTCCAAACTCATCAATGTATCTTATCATGTCTGCTCGAAGCGGCCGCTC		canFam3	AGTCCCTTAAGCGGAG	21	32
UFC	UninfectedControl-210422-MN	3	ACTGGCGTACGTCTAGGCAANNNNNNNNNNNNCTCCGCTTAAGGGACT	1	20	CTGAGCTCTGCA	p5:CATGCTCTAGGAAGATCCAGGTTAATTTTTAAAAAGCAGTCAAAAGTCCAAGTGGCCCTTGGCAGCATTTACTCTCTCTGTTTGCTCTGGTTAATAATCTCAGGAGCACAAACATTCCAGATCCAGGTTAATTTTTAAAAAGCAGTCAAAAGTCCAAGTGGCCCTTGGCAGCATTTACTCTCTCTGTTTGCTCTGGTTAATAATCTCAGGAGCACAAACATTCCAGATCCGGCGCGCCAGGGCTGGAAGC,p3:CATGCTCTAGGAAGATCCTTATCGATTTTACCACATTTGTAGAGGTTTTACTTGCTTTAAAAAACCTCCCACATCTCCCCCTGAACCTGAAACATAAAATGAATGCAATTGTTGTTGTTAACTTGTTTATTGCAGCTTATAATGGTTACAAATAAAGCAATAGCATCACAAATTTCACAAATAAAGCATTTTTTTCACTGCATTCTAGTTGTGGTTTGTCCAAACTCATCAATGTATCTTATCATGTCTGCTCGAAGCGGCCGCTC		canFam3	AGTCCCTTAAGCGGAG	21	32
UFC	UninfectedControl-210422-MN	4	ACTGGCGTACGTCTAGGCAANNNNNNNNNNNNCTCCGCTTAAGGGACT	1	20	CTTCGACTTTCC	p5:CATGCTCTAGGAAGATCCAGGTTAATTTTTAAAAAGCAGTCAAAAGTCCAAGTGGCCCTTGGCAGCATTTACTCTCTCTGTTTGCTCTGGTTAATAATCTCAGGAGCACAAACATTCCAGATCCAGGTTAATTTTTAAAAAGCAGTCAAAAGTCCAAGTGGCCCTTGGCAGCATTTACTCTCTCTGTTTGCTCTGGTTAATAATCTCAGGAGCACAAACATTCCAGATCCGGCGCGCCAGGGCTGGAAGC,p3:CATGCTCTAGGAAGATCCTTATCGATTTTACCACATTTGTAGAGGTTTTACTTGCTTTAAAAAACCTCCCACATCTCCCCCTGAACCTGAAACATAAAATGAATGCAATTGTTGTTGTTAACTTGTTTATTGCAGCTTATAATGGTTACAAATAAAGCAATAGCATCACAAATTTCACAAATAAAGCATTTTTTTCACTGCATTCTAGTTGTGGTTTGTCCAAACTCATCAATGTATCTTATCATGTCTGCTCGAAGCGGCCGCTC		canFam3	AGTCCCTTAAGCGGAG	21	32
NTC	NoTemplateControl-210422-MN	1	TGTGAACGCGAGAACCTCTGNNNNNNNNNNNNCTCCGCTTAAGGGACT	1	20	GTCATAAGAACC	p5:CATGCTCTAGGAAGATCCAGGTTAATTTTTAAAAAGCAGTCAAAAGTCCAAGTGGCCCTTGGCAGCATTTACTCTCTCTGTTTGCTCTGGTTAATAATCTCAGGAGCACAAACATTCCAGATCCAGGTTAATTTTTAAAAAGCAGTCAAAAGTCCAAGTGGCCCTTGGCAGCATTTACTCTCTCTGTTTGCTCTGGTTAATAATCTCAGGAGCACAAACATTCCAGATCCGGCGCGCCAGGGCTGGAAGC,p3:CATGCTCTAGGAAGATCCTTATCGATTTTACCACATTTGTAGAGGTTTTACTTGCTTTAAAAAACCTCCCACATCTCCCCCTGAACCTGAAACATAAAATGAATGCAATTGTTGTTGTTAACTTGTTTATTGCAGCTTATAATGGTTACAAATAAAGCAATAGCATCACAAATTTCACAAATAAAGCATTTTTTTCACTGCATTCTAGTTGTGGTTTGTCCAAACTCATCAATGTATCTTATCATGTCTGCTCGAAGCGGCCGCTC		canFam3	AGTCCCTTAAGCGGAG	21	32
NTC	NoTemplateControl-210422-MN	2	TGTGAACGCGAGAACCTCTGNNNNNNNNNNNNCTCCGCTTAAGGGACT	1	20	GTCCGCAAGTTA	p5:CATGCTCTAGGAAGATCCAGGTTAATTTTTAAAAAGCAGTCAAAAGTCCAAGTGGCCCTTGGCAGCATTTACTCTCTCTGTTTGCTCTGGTTAATAATCTCAGGAGCACAAACATTCCAGATCCAGGTTAATTTTTAAAAAGCAGTCAAAAGTCCAAGTGGCCCTTGGCAGCATTTACTCTCTCTGTTTGCTCTGGTTAATAATCTCAGGAGCACAAACATTCCAGATCCGGCGCGCCAGGGCTGGAAGC,p3:CATGCTCTAGGAAGATCCTTATCGATTTTACCACATTTGTAGAGGTTTTACTTGCTTTAAAAAACCTCCCACATCTCCCCCTGAACCTGAAACATAAAATGAATGCAATTGTTGTTGTTAACTTGTTTATTGCAGCTTATAATGGTTACAAATAAAGCAATAGCATCACAAATTTCACAAATAAAGCATTTTTTTCACTGCATTCTAGTTGTGGTTTGTCCAAACTCATCAATGTATCTTATCATGTCTGCTCGAAGCGGCCGCTC		canFam3	AGTCCCTTAAGCGGAG	21	32
NTC	NoTemplateControl-210422-MN	3	TGTGAACGCGAGAACCTCTGNNNNNNNNNNNNCTCCGCTTAAGGGACT	1	20	CGTAGAGCTCTC	p5:CATGCTCTAGGAAGATCCAGGTTAATTTTTAAAAAGCAGTCAAAAGTCCAAGTGGCCCTTGGCAGCATTTACTCTCTCTGTTTGCTCTGGTTAATAATCTCAGGAGCACAAACATTCCAGATCCAGGTTAATTTTTAAAAAGCAGTCAAAAGTCCAAGTGGCCCTTGGCAGCATTTACTCTCTCTGTTTGCTCTGGTTAATAATCTCAGGAGCACAAACATTCCAGATCCGGCGCGCCAGGGCTGGAAGC,p3:CATGCTCTAGGAAGATCCTTATCGATTTTACCACATTTGTAGAGGTTTTACTTGCTTTAAAAAACCTCCCACATCTCCCCCTGAACCTGAAACATAAAATGAATGCAATTGTTGTTGTTAACTTGTTTATTGCAGCTTATAATGGTTACAAATAAAGCAATAGCATCACAAATTTCACAAATAAAGCATTTTTTTCACTGCATTCTAGTTGTGGTTTGTCCAAACTCATCAATGTATCTTATCATGTCTGCTCGAAGCGGCCGCTC		canFam3	AGTCCCTTAAGCGGAG	21	32
NTC	NoTemplateControl-210422-MN	4	TGTGAACGCGAGAACCTCTGNNNNNNNNNNNNCTCCGCTTAAGGGACT	1	20	CCTCTGAGAGCT	p5:CATGCTCTAGGAAGATCCAGGTTAATTTTTAAAAAGCAGTCAAAAGTCCAAGTGGCCCTTGGCAGCATTTACTCTCTCTGTTTGCTCTGGTTAATAATCTCAGGAGCACAAACATTCCAGATCCAGGTTAATTTTTAAAAAGCAGTCAAAAGTCCAAGTGGCCCTTGGCAGCATTTACTCTCTCTGTTTGCTCTGGTTAATAATCTCAGGAGCACAAACATTCCAGATCCGGCGCGCCAGGGCTGGAAGC,p3:CATGCTCTAGGAAGATCCTTATCGATTTTACCACATTTGTAGAGGTTTTACTTGCTTTAAAAAACCTCCCACATCTCCCCCTGAACCTGAAACATAAAATGAATGCAATTGTTGTTGTTAACTTGTTTATTGCAGCTTATAATGGTTACAAATAAAGCAATAGCATCACAAATTTCACAAATAAAGCATTTTTTTCACTGCATTCTAGTTGTGGTTTGTCCAAACTCATCAATGTATCTTATCATGTCTGCTCGAAGCGGCCGCTC		canFam3	AGTCCCTTAAGCGGAG	21	32
